login,name,company,location,email,hireable,bio,public_repos,followers,following,created_at
cassidoo,,,,,False,,0,0,0,
felangel,,,,,False,,0,0,0,
dabeaz,,,,,False,,0,0,0,
sstephenson,,,,,False,,0,0,0,
mattgodbolt,,,,,False,,0,0,0,
logankilpatrick,,,,,False,,0,0,0,
khan4019,,,,,False,,0,0,0,
adashofdata,,,,,False,,0,0,0,
djspiewak,,,,,False,,0,0,0,
eddelbuettel,,,,,False,,0,0,0,
natemoo-re,,,,,False,,0,0,0,
lexi-lambda,,,,,False,,0,0,0,
neodigm,,,,,False,,0,0,0,
rentzsch,,,,,False,,0,0,0,
HFTrader,,,,,False,,0,0,0,
JimLiu,,,,,False,,0,0,0,
jcs,,,,,False,,0,0,0,
jbranchaud,,,,,False,,0,0,0,
basecamp,,,,,False,,0,0,0,
SciSharp,,,,,False,,0,0,0,
joshdholtz,,,,,False,,0,0,0,
johnpolacek,,,,,False,,0,0,0,
davidteather,,,,,False,,0,0,0,
jeremyckahn,,,,,False,,0,0,0,
dchelimsky,,,,,False,,0,0,0,
coreyhaines,,,,,False,,0,0,0,
rharter,,,,,False,,0,0,0,
harperreed,,,,,False,,0,0,0,
sksamuel,,,,,False,,0,0,0,
leeoniya,,,,,False,,0,0,0,
hwayne,,,,,False,,0,0,0,
CoralineAda,,,,,False,,0,0,0,
sean-codes,,,,,False,,0,0,0,
gjreda,,,,,False,,0,0,0,
jameslamb,,,,,False,,0,0,0,
djsime1,,,,,False,,0,0,0,
dabeaz-course,,,,,False,,0,0,0,
lorenanicole,,,,,False,,0,0,0,
LadyKerr,,,,,False,,0,0,0,
dannguyen,,,,,False,,0,0,0,
awatson1978,,,,,False,,0,0,0,
trek,,,,,False,,0,0,0,
Valve,,,,,False,,0,0,0,
catarak,,,,,False,,0,0,0,
scopatz,,,,,False,,0,0,0,
ZeweiChu,,,,,False,,0,0,0,
peterpme,,,,,False,,0,0,0,
bitsondatadev,,,,,False,,0,0,0,
estrattonbailey,,,,,False,,0,0,0,
phinze,,,,,False,,0,0,0,
lvh,,,,,False,,0,0,0,
jorgecoca,,,,,False,,0,0,0,
bgardner,,,,,False,,0,0,0,
Templarian,,,,,False,,0,0,0,
adriangb,,,,,False,,0,0,0,
an0,,,,,False,,0,0,0,
jamesturk,,,,,False,,0,0,0,
kierisi,,,,,False,,0,0,0,
derekeder,,,,,False,,0,0,0,
rachelbaker,,,,,False,,0,0,0,
iSoron,,,,,False,,0,0,0,
kpdecker,,,,,False,,0,0,0,
themeteorchef,,,,,False,,0,0,0,
gk5885,,,,,False,,0,0,0,
austinsonger,,,,,False,,0,0,0,
bwya77,,,,,False,,0,0,0,
ELLIOTTCABLE,,,,,False,,0,0,0,
tqbf,,,,,False,,0,0,0,
vehbiu,,,,,False,,0,0,0,
mjskay,,,,,False,,0,0,0,
mapmeld,,,,,False,,0,0,0,
carolynvs,,,,,False,,0,0,0,
DashBarkHuss,,,,,False,,0,0,0,
zigurous,,,,,False,,0,0,0,
brandonleegit,,,,,False,,0,0,0,
rsese,,,,,False,,0,0,0,
boonebgorges,,,,,False,,0,0,0,
jarry-xiao,,,,,False,,0,0,0,
the-raspberry-pi-guy,,,,,False,,0,0,0,
ZWMiller,,,,,False,,0,0,0,
saforem2,,,,,False,,0,0,0,
matagus,,,,,False,,0,0,0,
skwp,,,,,False,,0,0,0,
stevespringett,,,,,False,,0,0,0,
braverock,,,,,False,,0,0,0,
jenmyers,,,,,False,,0,0,0,
gar1t,,,,,False,,0,0,0,
MarkTechson,,,,,False,,0,0,0,
Tedko,,,,,False,,0,0,0,
sabre1041,,,,,False,,0,0,0,
loganmartintran,,,,,False,,0,0,0,
abedra,,,,,False,,0,0,0,
trevorturk,,,,,False,,0,0,0,
justinbmeyer,,,,,False,,0,0,0,
RandomFractals,,,,,False,,0,0,0,
srobbin,,,,,False,,0,0,0,
coolbeet,,,,,False,,0,0,0,
timrwood,,,,,False,,0,0,0,
shayhowe,,,,,False,,0,0,0,
ksobon,,,,,False,,0,0,0,
hugs,,,,,False,,0,0,0,
karllhughes,,,,,False,,0,0,0,
Oceania2018,,,,,False,,0,0,0,
emilyriederer,,,,,False,,0,0,0,
reiddraper,,,,,False,,0,0,0,
sorentwo,,,,,False,,0,0,0,
nickvourd,,,,,False,,0,0,0,
jjhelmus,,,,,False,,0,0,0,
ahinchman1,,,,,False,,0,0,0,
XavierXiao,,,,,False,,0,0,0,
coddingtonbear,,,,,False,,0,0,0,
stevenwanderski,,,,,False,,0,0,0,
JoeGermuska,,,,,False,,0,0,0,
tswast,,,,,False,,0,0,0,
MelSumner,,,,,False,,0,0,0,
greensock,,,,,False,,0,0,0,
ExplorerFreda,,,,,False,,0,0,0,
alysivji,,,,,False,,0,0,0,
paulromano,,,,,False,,0,0,0,
tedivm,,,,,False,,0,0,0,
rguthrie3,,,,,False,,0,0,0,
FreedomWriter,,,,,False,,0,0,0,
CodePlatoon,,,,,False,,0,0,0,
mrkurt,,,,,False,,0,0,0,
nbriz,,,,,False,,0,0,0,
kadamwhite,,,,,False,,0,0,0,
conorpp,,,,,False,,0,0,0,
Daniel-McCarthy,,,,,False,,0,0,0,
bartosz-lipinski,,,,,False,,0,0,0,
msfrisbie,,,,,False,,0,0,0,
ivelasq,,,,,False,,0,0,0,
joshbirk,,,,,False,,0,0,0,
pushcx,,,,,False,,0,0,0,
jackdoyle,,,,,False,,0,0,0,
brandonwillard,,,,,False,,0,0,0,
rrag,,,,,False,,0,0,0,
drewolson,,,,,False,,0,0,0,
ionelabrinza,,,,,False,,0,0,0,
joemaddalone,,,,,False,,0,0,0,
jamigibbs,,,,,False,,0,0,0,
mager,,,,,False,,0,0,0,
mikehostetler,,,,,False,,0,0,0,
mstruve,,,,,False,,0,0,0,
jberger,,,,,False,,0,0,0,
mikewesthad,,,,,False,,0,0,0,
brasic,,,,,False,,0,0,0,
brianboyer,,,,,False,,0,0,0,
braintreeps,,,,,False,,0,0,0,
k4rtik,,,,,False,,0,0,0,
MarcosX,,,,,False,,0,0,0,
jordanorelli,,,,,False,,0,0,0,
syngenta-digital,,,,,False,,0,0,0,
FormerLurker,,,,,False,,0,0,0,
samanthamichele7,,,,,False,,0,0,0,
arsho,,,,,False,,0,0,0,
dremin,,,,,False,,0,0,0,
keeleysam,,,,,False,,0,0,0,
jdingel,,,,,False,,0,0,0,
tighten,,,,,False,,0,0,0,
Athlon1600,,,,,False,,0,0,0,
rcalix1,,,,,False,,0,0,0,
bf4,,,,,False,,0,0,0,
johnwinans,,,,,False,,0,0,0,
ryan-haskell,,,,,False,,0,0,0,
Shawn-Shan,,,,,False,,0,0,0,
wesleywiser,,,,,False,,0,0,0,
farrukh90,,,,,False,,0,0,0,
luisibanez,,,,,False,,0,0,0,
dhermes,,,,,False,,0,0,0,
itsjafer,,,,,False,,0,0,0,
aekaplan,,,,,False,,0,0,0,
tlamadon,,,,,False,,0,0,0,
seanchen1991,,,,,False,,0,0,0,
gregwebs,,,,,False,,0,0,0,
simonpcouch,,,,,False,,0,0,0,
Vadman97,,,,,False,,0,0,0,
luizaandrade,,,,,False,,0,0,0,
noootown,,,,,False,,0,0,0,
cdfuller,,,,,False,,0,0,0,
ReidCarlberg,,,,,False,,0,0,0,
fsadykov,,,,,False,,0,0,0,
dkarter,,,,,False,,0,0,0,
chelseatroy,,,,,False,,0,0,0,
masterysystems,,,,,False,,0,0,0,
yyolk,,,,,False,,0,0,0,
eaton,,,,,False,,0,0,0,
zombor,,,,,False,,0,0,0,
JSH32,,,,,False,,0,0,0,
ricokahler,,,,,False,,0,0,0,
code-for-coffee,,,,,False,,0,0,0,
karlstolley,,,,,False,,0,0,0,
wseemann,,,,,False,,0,0,0,
bhgames,,,,,False,,0,0,0,
codersquid,,,,,False,,0,0,0,
braintree,,,,,False,,0,0,0,
tollmanz,,,,,False,,0,0,0,
dziganto,,,,,False,,0,0,0,
tomschenkjr,,,,,False,,0,0,0,
peterhurford,,,,,False,,0,0,0,
joshgav,,,,,False,,0,0,0,
kaihoffman,,,,,False,,0,0,0,
stevenmaguire,,,,,False,,0,0,0,
southpolesteve,,,,,False,,0,0,0,
zackkitzmiller,,,,,False,,0,0,0,
kevinschaul,,,,,False,,0,0,0,
ryanve,,,,,False,,0,0,0,
jkocherhans,,,,,False,,0,0,0,
ChrisWiegman,,,,,False,,0,0,0,
mylo-james,,,,,False,,0,0,0,
techtorial,,,,,False,,0,0,0,
argonne-lcf,,,,,False,,0,0,0,
ch33r10,,,,,False,,0,0,0,
feamster,,,,,False,,0,0,0,
jeffpaul,,,,,False,,0,0,0,
johnagan,,,,,False,,0,0,0,
asajeffrey,,,,,False,,0,0,0,
muratkeremozcan,,,,,False,,0,0,0,
skriegman,,,,,False,,0,0,0,
newville,,,,,False,,0,0,0,
gregjopa,,,,,False,,0,0,0,
karbassi,,,,,False,,0,0,0,
cooperlees,,,,,False,,0,0,0,
dvtate,,,,,False,,0,0,0,
deanmalmgren,,,,,False,,0,0,0,
marwahaha,,,,,False,,0,0,0,
borjasotomayor,,,,,False,,0,0,0,
bangpound,,,,,False,,0,0,0,
luisdomin5,,,,,False,,0,0,0,
ming024,,,,,False,,0,0,0,
adamgraham,,,,,False,,0,0,0,
nixpad,,,,,False,,0,0,0,
cr0ybot,,,,,False,,0,0,0,
gfredericks,,,,,False,,0,0,0,
thereals0beit,,,,,False,,0,0,0,
DebeshJha,,,,,False,,0,0,0,
kfogel,,,,,False,,0,0,0,
technobly,,,,,False,,0,0,0,
DataSolveProblems,,,,,False,,0,0,0,
KazukiPrzyborowski,,,,,False,,0,0,0,
AgentK20,,,,,False,,0,0,0,
aerosoul94,,,,,False,,0,0,0,
safe-graph,,,,,False,,0,0,0,
benstr,,,,,False,,0,0,0,
relativityone,,,,,False,,0,0,0,
Aeva,,,,,False,,0,0,0,
JustinMShea,,,,,False,,0,0,0,
pyro2927,,,,,False,,0,0,0,
klaeufer,,,,,False,,0,0,0,
adomokos,,,,,False,,0,0,0,
monsur,,,,,False,,0,0,0,
scollis,,,,,False,,0,0,0,
spjeff,,,,,False,,0,0,0,
nicholas-ochoa,,,,,False,,0,0,0,
arelia,,,,,False,,0,0,0,
Sc00bz,,,,,False,,0,0,0,
wimglenn,,,,,False,,0,0,0,
datamade,,,,,False,,0,0,0,
zekenie,,,,,False,,0,0,0,
PedroLopes,,,,,False,,0,0,0,
carolineartz,,,,,False,,0,0,0,
destefanis,,,,,False,,0,0,0,
exrlla,,,,,False,,0,0,0,
robertzk,,,,,False,,0,0,0,
joshbeckman,,,,,False,,0,0,0,
narcisolobo,,,,,False,,0,0,0,
EricKuck,,,,,False,,0,0,0,
michaelstonis,,,,,False,,0,0,0,
JeffCohen,,,,,False,,0,0,0,
stephen-hoover,,,,,False,,0,0,0,
baldengineer,,,,,False,,0,0,0,
pcarbo,,,,,False,,0,0,0,
sc1341,,,,,False,,0,0,0,
gaojunxuan,,,,,False,,0,0,0,
jim,,,,,False,,0,0,0,
mqudsi,,,,,False,,0,0,0,
eigenhombre,,,,,False,,0,0,0,
jmercouris,,,,,False,,0,0,0,
rathjenc,,,,,False,,0,0,0,
Interbotix,,,,,False,,0,0,0,
patrickfuller,,,,,False,,0,0,0,
gkthiruvathukal,,,,,False,,0,0,0,
chicago-joe,,,,,False,,0,0,0,
Kaushal1011,,,,,False,,0,0,0,
donthedeveloper,,,,,False,,0,0,0,
cdipaolo,,,,,False,,0,0,0,
zurmo,,,,,False,,0,0,0,
rmw,,,,,False,,0,0,0,
jvz,,,,,False,,0,0,0,
azaa1,,,,,False,,0,0,0,
hugofloresgarcia,,,,,False,,0,0,0,
larsbergstrom,,,,,False,,0,0,0,
allscriptshealthcare,,,,,False,,0,0,0,
abaker,,,,,False,,0,0,0,
glowcoil,,,,,False,,0,0,0,
bitcraft,,,,,False,,0,0,0,
eguevara,,,,,False,,0,0,0,
shanesveller,,,,,False,,0,0,0,
blakesmith,,,,,False,,0,0,0,
SteveMcGrath,,,,,False,,0,0,0,
curtgrimes,,,,,False,,0,0,0,
rudyrigot,,,,,False,,0,0,0,
michel-slm,,,,,False,,0,0,0,
seanwu1105,,,,,False,,0,0,0,
NicholeKing,,,,,False,,0,0,0,
bensoltoff,,,,,False,,0,0,0,
patrickxb,,,,,False,,0,0,0,
Summair,,,,,False,,0,0,0,
gauss1181,,,,,False,,0,0,0,
y-x-c,,,,,False,,0,0,0,
chicagocomputerclasses,,,,,False,,0,0,0,
lukehoersten,,,,,False,,0,0,0,
gennyble,,,,,False,,0,0,0,
DavidJFelix,,,,,False,,0,0,0,
Chicago,,,,,False,,0,0,0,
alainakafkes,,,,,False,,0,0,0,
piemadd,,,,,False,,0,0,0,
evbogue,,,,,False,,0,0,0,
coolreader18,,,,,False,,0,0,0,
jwieting,,,,,False,,0,0,0,
b-meson,,,,,False,,0,0,0,
calchulus,,,,,False,,0,0,0,
heitortsergent,,,,,False,,0,0,0,
christophermanning,,,,,False,,0,0,0,
rsinger86,,,,,False,,0,0,0,
noelrappin,,,,,False,,0,0,0,
kvnkho,,,,,False,,0,0,0,
ivanfemia,,,,,False,,0,0,0,
SarahMAmann,,,,,False,,0,0,0,
zircote,,,,,False,,0,0,0,
sonamoo,,,,,False,,0,0,0,
sleventyeleven,,,,,False,,0,0,0,
mgrygles,,,,,False,,0,0,0,
rossb34,,,,,False,,0,0,0,
stamourv,,,,,False,,0,0,0,
loucyx,,,,,False,,0,0,0,
alexlyp,,,,,False,,0,0,0,
deanrad,,,,,False,,0,0,0,
brianray,,,,,False,,0,0,0,
skirmer,,,,,False,,0,0,0,
barelyknown,,,,,False,,0,0,0,
agfor,,,,,False,,0,0,0,
rsutphin,,,,,False,,0,0,0,
ksolo,,,,,False,,0,0,0,
snowgy,,,,,False,,0,0,0,
defaultxr,,,,,False,,0,0,0,
stevepopovich,,,,,False,,0,0,0,
SpezialK71,,,,,False,,0,0,0,
jdoss,,,,,False,,0,0,0,
shonumi,,,,,False,,0,0,0,
maggiewolff,,,,,False,,0,0,0,
andymboyle,,,,,False,,0,0,0,
anthonyleezhang,,,,,False,,0,0,0,
daisyUniverse,,,,,False,,0,0,0,
maxmiller413,,,,,False,,0,0,0,
glitchfur,,,,,False,,0,0,0,
wmurphyrd,,,,,False,,0,0,0,
CodyNicholson,,,,,False,,0,0,0,
meltingscales,,,,,False,,0,0,0,
mgrover1,,,,,False,,0,0,0,
KovasMcCann,,,,,False,,0,0,0,
jaku,,,,,False,,0,0,0,
AbrarSyed,,,,,False,,0,0,0,
juneau001,,,,,False,,0,0,0,
alycit,,,,,False,,0,0,0,
mstratman,,,,,False,,0,0,0,
CaryLandholt,,,,,False,,0,0,0,
csantiago132,,,,,False,,0,0,0,
knagaitsev,,,,,False,,0,0,0,
omargfh,,,,,False,,0,0,0,
RonaldColyar,,,,,False,,0,0,0,
erichilarysmithsr,,,,,False,,0,0,0,
luoyuanlab,,,,,False,,0,0,0,
jfnavarro21,,,,,False,,0,0,0,
rlk,,,,,False,,0,0,0,
3CloudSolutions,,,,,False,,0,0,0,
cwarden,,,,,False,,0,0,0,
nadrane,,,,,False,,0,0,0,
rogeruiz,,,,,False,,0,0,0,
scottferg,,,,,False,,0,0,0,
jebeck,,,,,False,,0,0,0,
